item,qty,spec,supplier,unit_cost_usd,make_buy,notes
1 Foot with clevis and chain lug,3,"8 mm S275 plate 140 x 280 mm; two 8 mm clevis plates 100 x 85 mm with a 17 mm hole 70 mm above the ground; 8 mm chain lug 100 x 45 mm with a 14 mm hole 140 mm outboard of the clevis centre; 10 mm rubber pad bonded under; hot-dip galvanized; about 3.6 kg each",Local steel stockist and galvanizer; rubber sheet from an industrial supplier,34.00,make,Galvanizing priced at a minimum lot; pad bonded after galvanizing; lug moved out so the chains clear the clevis plates
2 Lower leg,3,"50 x 50 x 3 mm square tube, aluminium 6082-T6 (or 6061-T6), 1,500 mm; three 13 mm adjust holes at 75 mm pitch and a 17 mm foot pin hole 30 mm from the end; steel crush sleeve 25 x 3.5 mm at the foot pin; about 2.4 kg each",Aluminium stockist,36.00,make,Leg B also has two 7 mm holes for the cleat
3 Upper leg,3,"60 x 60 x 4 mm square tube, aluminium 6082-T6 (or 6061-T6), 1,450 mm; 17 mm hinge hole 30 mm from the top; 13 mm adjust hole 40 mm from the bottom; steel crush sleeve 25 x 3.5 mm at the hinge; leg A also has a 13 mm stop bolt hole; about 3.6 kg each",Aluminium stockist,48.00,make,
4 Tripod head with mast cheeks,1,"10 mm S275 plate disc 320 mm with a 40 mm rope hole and a 13 mm eye bolt hole; three pairs of 8 mm lugs 90 x 100 mm with 17 mm hinge holes; two 6 mm mast cheek plates 180 x 195 mm with 21 mm axle holes; 12 mm rope keeper bar; 8 mm back gusset; welded and hot-dip galvanized; about 13 kg",Laser-cutting shop (profiles); local fabricator (welding); galvanizer,140.00,make,Load-path welds by a competent welder
5 Head sheave with axle bolt,1,"Wire rope sheave 150 mm outside, 125 mm at the rope, for 6 mm rope, sealed ball bearing on a 20 mm bore, rated at least 500 kg; M20 x 70 A4 bolt, nylock nut and two 3 mm spacer washers",Lifting and rigging supplier,38.00,buy,D/d 20.8
6 Leg hinge and foot bolts,6,"M16 x 100 A4-70 hex bolt, nylock nut and two washers, with nylon isolating washers against aluminium",Fastener supplier,7.50,buy,3 hinge and 3 foot bolts
7 Leg adjust pin,3,"12 mm stainless ball-lock quick-release pin, 70 mm grip, with lanyard and ring",Industrial fastener supplier,26.00,buy,Lanyard riveted to the upper leg
8 Leg-spread chain with shackles,3,"6 mm galvanized chain, grade 30 or better, 2.78 m (about 0.8 kg/m), with two 8 mm screw-pin shackles",Hardware or rigging supplier,26.00,buy,Length with the shackles sets the 3.0 m foot circle; packed with the rim guard
9 Winch bracket with clamp and stop bolts,1,"Two 8 mm S275 plates 120 x 270 mm, four M10 x 90 A4 clamp bolts with nylock nuts, M12 x 100 A4 stop bolt through leg A, nylon isolating strips; hot-dip galvanized; about 4.3 kg",Laser-cutting shop; fastener supplier; galvanizer,58.00,make,The stop bolt carries the rope pull; the clamp only holds the bracket square
10 Hand winch,1,"Two-speed hand winch with automatic (Weston-type) load brake, rated at least 450 kg on the first layer, drum holding at least 15 m of 6 mm rope, zinc-plated or galvanized, four-bolt base, 250 mm crank; about 9 kg",Lifting and rigging supplier,320.00,buy,Material winch only; never for lifting people
11 Wire rope with thimble eye,1,"15 m of 6 mm 7x19 grade 316 stainless wire rope, minimum breaking load at least 21 kN; thimble eye with two swaged ferrules at the hook end, anchored to the drum as the winch maker specifies",Rigging supplier,78.00,buy,Swaged eye made by the supplier
12 Line length counter,1,"Mechanical rope length counter for 6 mm rope, 0.1 m resolution, resettable, with a mounting stand",Marine or rigging supplier,65.00,buy,Fitted where the rope leaves the drum
13 Head interface set,1,"Grade 316 eye-and-eye swivel rated at least 500 kg; two 3/8 in screw-pin bow shackles (11 mm pin, rated at least 1 t), one spare; head interface gauge plate (10 mm plate, 20 mm hole, 30 mm to the top edge)",Rigging supplier,58.00,buy,The published interface every head carries
14 Snatch block working line and cleat,1,"Snatch block 50 mm sheave for 10 mm rope rated at least 500 kg with an M12 A4 eye bolt; 30 m of 10 mm polyester line; 150 mm aluminium cleat with two M6 A4 through bolts",Rigging or chandlery supplier,62.00,buy,Working line for the grab closing line and the rake drag
15 Rim guard panel,6,"Frame of 25 x 25 x 2 mm aluminium square tube, 746 x 400 mm, welded; four 30 mm OD drop pin rings with lugs; 6 mm HDPE splash board 696 x 275 mm riveted to the inside face; about 2.4 kg each",Aluminium stockist; plastics supplier; local fabricator,48.00,make,Hinged in pairs by the drop pins
16 Rim guard drop pin,6,"12 mm stainless rod 400 mm with a 60 mm T-handle",Local fabricator,6.00,make,
17 Grab head,1,"Clamshell grab: two 3 mm S275 sheet shells 185 mm radius with 5 mm end plates; 25 mm hinge pin; closing yoke; four 30 x 6 mm tag rods; 10 mm head beam with lugs and the standard tab; 12 mm pins with R-clips; hot-dip galvanized; about 24 kg",Laser-cutting shop; local fabricator; galvanizer,260.00,make,Plan 370 x 372 mm; closes on the working line
18 Sampler head,1,"75 mm clear PVC tube 600 mm with two rubber end caps on elastic cord and a trip latch; stainless cage of four 10 mm rods; 6 mm top and bottom plates; 3.5 kg steel ballast ring; standard tab; about 11 kg",Plastics supplier; local fabricator,145.00,make,Caps tripped by the working line
19 Rake head,1,"400 mm tine bar 50 x 12 mm with nine 12 mm tines 250 mm long; 40 x 40 mm ballast bar; two 40 x 8 mm bails; drag eye; standard tab; hot-dip galvanized; about 11 kg",Local fabricator; galvanizer,95.00,make,
20 Retrieval head,1,"300 mm 6 mm top disc and 2.5 mm sheet funnel 250 mm deep to a 120 mm throat; 33.7 mm steering pole socket; standard tab; EN 362 auto-locking steel connector on a 300 mm steel sling; 2 m steering pole; hot-dip galvanized; about 8 kg",Local fabricator; safety equipment supplier (connector),135.00,make,Clips a line already on the casualty; the haul is made with certified rescue equipment
21 DomeReach head,1,"Two 50 x 3 mm aluminium pole sections 1,500 mm with a spigot joint and pin; top cap with the standard tab; 25 mm tiller on a clamp collar; fairlead ring; clevis at the foot; 40 x 40 x 3 mm aluminium arm 700 mm on a 12 mm pin; pull line; tool fork with a 60 x 230 mm sealant roller, a scum paddle and a scoop basket; about 7 kg",Aluminium stockist; local fabricator; paint supplier (rollers),225.00,make,Single hinge only; no gripper (patent design-around)
22 Traffic cones and barrier chain,1,"Four 750 mm traffic cones and 10 m of plastic barrier chain",Safety equipment supplier,90.00,buy,Work zone round the tripod
23 Carry bag,5,"Heavy-duty canvas or PVC carry bag with handles and a shoulder strap",Outdoor equipment supplier,32.00,buy,Packed loads of R6
24 Labels and markings,1,"SWL 150 kg plate on the head; warning labels on the winch (no lifting of people) and on each head; leg A marked for the winch",Sign maker,30.00,buy,
